{"cameraMode":{"drawMode":0,"name":"Shaded","section":"Shading Mode"},"sceneLighting":true,"audioPlay":false,"sceneViewState":{"m_AlwaysRefresh":false,"showFog":true,"showSkybox":true,"showFlares":true,"showImageEffects":true,"showParticleSystems":true,"showVisualEffectGraphs":true,"m_FxEnabled":true},"in2DMode":false,"pivot":{"x":3.4102752208709719,"y":-1.7809638977050782,"z":3.1698639392852785},"rotation":{"x":-0.2899077534675598,"y":0.16601450741291047,"z":-0.05113806575536728,"w":-0.9411601424217224},"size":4.146401882171631,"orthographic":false}