{"cameraMode":{"drawMode":0,"name":"Shaded","section":"Shading Mode"},"sceneLighting":true,"audioPlay":false,"sceneViewState":{"m_AlwaysRefresh":false,"showFog":true,"showSkybox":true,"showFlares":true,"showImageEffects":true,"showParticleSystems":true,"showVisualEffectGraphs":true,"m_FxEnabled":true},"in2DMode":false,"pivot":{"x":11.850762367248536,"y":-0.6958467960357666,"z":-1.9079357385635377},"rotation":{"x":0.20524737238883973,"y":-0.7468945980072022,"z":0.2674006521701813,"w":0.5732407569885254},"size":1.7506976127624512,"orthographic":false}