{"cameraMode":{"drawMode":0,"name":"Shaded","section":"Shading Mode"},"sceneLighting":true,"audioPlay":false,"sceneViewState":{"m_AlwaysRefresh":false,"showFog":true,"showSkybox":true,"showFlares":true,"showImageEffects":true,"showParticleSystems":true,"showVisualEffectGraphs":true,"m_FxEnabled":true},"in2DMode":false,"pivot":{"x":14.158536911010743,"y":0.3140650987625122,"z":-1.3221359252929688},"rotation":{"x":-0.2715827524662018,"y":0.16556783020496369,"z":-0.04746594280004501,"w":-0.946910560131073},"size":0.8021752238273621,"orthographic":false}