{"cameraMode":{"drawMode":0,"name":"Shaded","section":"Shading Mode"},"sceneLighting":true,"audioPlay":false,"sceneViewState":{"m_AlwaysRefresh":false,"showFog":true,"showSkybox":true,"showFlares":true,"showImageEffects":true,"showParticleSystems":true,"showVisualEffectGraphs":true,"m_FxEnabled":true},"in2DMode":false,"pivot":{"x":14.77678108215332,"y":1.9164936542510987,"z":-5.199211597442627},"rotation":{"x":0.13288216292858125,"y":-0.7056576013565064,"z":0.13738401234149934,"w":0.6823488473892212},"size":1.2493023872375489,"orthographic":false}